Id,Speed (km/h),Position,Distance
1.0,14.4,94.0,2.0
2.0,7.2,99.0,1.0
3.0,0.0,82.0,0.0
4.0,7.2,76.0,1.0
5.0,7.2,87.0,1.0
6.0,7.2,79.0,1.0
7.0,36.0,61.0,5.0
1.0,13.292307692307693,94.0,2.0
2.0,0.0,98.0,0.0
3.0,0.0,82.0,0.0
4.0,6.6461538461538465,76.0,1.0
5.0,6.6461538461538465,87.0,1.0
6.0,6.6461538461538465,79.0,1.0
7.0,39.876923076923084,60.0,6.0
1.0,12.342857142857142,94.0,2.0
2.0,0.0,98.0,0.0
3.0,0.0,82.0,0.0
4.0,6.171428571428571,76.0,1.0
5.0,6.171428571428571,87.0,1.0
6.0,6.171428571428571,79.0,1.0
7.0,43.2,59.0,7.0
1.0,11.520000000000001,94.0,2.0
2.0,0.0,98.0,0.0
3.0,0.0,82.0,0.0
4.0,5.760000000000001,76.0,1.0
5.0,5.760000000000001,87.0,1.0
6.0,5.760000000000001,79.0,1.0
7.0,51.84,57.0,9.0
1.0,10.8,94.0,2.0
2.0,0.0,98.0,0.0
3.0,0.0,82.0,0.0
4.0,5.4,76.0,1.0
5.0,5.4,87.0,1.0
6.0,0.0,80.0,0.0
7.0,54.0,56.0,10.0
1.0,10.16470588235294,94.0,2.0
2.0,0.0,98.0,0.0
3.0,0.0,82.0,0.0
4.0,0.0,77.0,0.0
5.0,15.247058823529413,85.0,3.0
6.0,5.08235294117647,79.0,1.0
1.0,9.6,94.0,2.0
2.0,0.0,98.0,0.0
3.0,0.0,82.0,0.0
4.0,4.8,76.0,1.0
5.0,19.2,84.0,4.0
6.0,9.6,78.0,2.0
1.0,4.547368421052632,95.0,1.0
2.0,0.0,98.0,0.0
3.0,0.0,82.0,0.0
4.0,4.547368421052632,76.0,1.0
5.0,27.284210526315793,82.0,6.0
6.0,9.094736842105265,78.0,2.0
1.0,4.32,95.0,1.0
2.0,0.0,98.0,0.0
3.0,0.0,82.0,0.0
4.0,0.0,77.0,0.0
5.0,38.879999999999995,79.0,9.0
6.0,8.64,78.0,2.0
1.0,4.114285714285714,95.0,1.0
2.0,0.0,98.0,0.0
3.0,0.0,82.0,0.0
4.0,0.0,77.0,0.0
6.0,4.114285714285714,79.0,1.0
1.0,3.9272727272727277,95.0,1.0
2.0,0.0,98.0,0.0
3.0,0.0,82.0,0.0
4.0,0.0,77.0,0.0
6.0,3.9272727272727277,79.0,1.0
1.0,3.756521739130435,95.0,1.0
2.0,3.756521739130435,97.0,1.0
3.0,3.756521739130435,81.0,1.0
4.0,0.0,77.0,0.0
6.0,3.756521739130435,79.0,1.0
1.0,3.6,95.0,1.0
2.0,0.0,98.0,0.0
3.0,3.6,81.0,1.0
4.0,0.0,77.0,0.0
6.0,3.6,79.0,1.0
1.0,3.6,95.0,1.0
2.0,0.0,98.0,0.0
3.0,3.6,81.0,1.0
4.0,3.6,76.0,1.0
6.0,0.0,79.0,0.0
1.0,3.6,95.0,1.0
2.0,3.6,98.0,1.0
3.0,7.2,80.0,2.0
4.0,3.6,76.0,1.0
6.0,7.2,79.0,2.0
1.0,0.0,95.0,0.0
2.0,7.2,97.0,2.0
3.0,7.2,80.0,2.0
4.0,3.6,76.0,1.0
6.0,7.2,79.0,2.0
1.0,0.0,95.0,0.0
2.0,10.8,97.0,3.0
3.0,7.2,80.0,2.0
4.0,7.2,75.0,2.0
6.0,7.2,79.0,2.0
1.0,0.0,95.0,0.0
2.0,10.8,97.0,3.0
3.0,7.2,80.0,2.0
4.0,7.2,75.0,2.0
6.0,7.2,79.0,2.0
1.0,0.0,95.0,0.0
2.0,7.2,97.0,2.0
3.0,7.2,80.0,2.0
4.0,7.2,75.0,2.0
6.0,7.2,79.0,2.0
1.0,0.0,95.0,0.0
2.0,7.2,97.0,2.0
3.0,7.2,80.0,2.0
4.0,7.2,75.0,2.0
6.0,7.2,78.0,2.0
1.0,3.6,95.0,1.0
2.0,7.2,97.0,2.0
3.0,7.2,80.0,2.0
4.0,7.2,75.0,2.0
6.0,3.6,78.0,1.0
1.0,3.6,95.0,1.0
2.0,7.2,97.0,2.0
3.0,3.6,81.0,1.0
4.0,3.6,75.0,1.0
6.0,3.6,78.0,1.0
1.0,3.6,95.0,1.0
2.0,7.2,97.0,2.0
3.0,3.6,81.0,1.0
4.0,3.6,75.0,1.0
6.0,3.6,78.0,1.0
1.0,3.6,95.0,1.0
2.0,7.2,97.0,2.0
3.0,3.6,81.0,1.0
4.0,3.6,75.0,1.0
6.0,3.6,78.0,1.0
1.0,3.6,95.0,1.0
2.0,7.2,96.0,2.0
3.0,3.6,81.0,1.0
4.0,3.6,75.0,1.0
6.0,7.2,77.0,2.0
1.0,3.6,95.0,1.0
2.0,7.2,96.0,2.0
3.0,0.0,82.0,0.0
4.0,3.6,75.0,1.0
6.0,7.2,77.0,2.0
1.0,3.6,95.0,1.0
2.0,10.8,95.0,3.0
3.0,3.6,81.0,1.0
4.0,7.2,74.0,2.0
6.0,7.2,77.0,2.0
1.0,3.6,95.0,1.0
2.0,18.0,93.0,5.0
3.0,3.6,81.0,1.0
4.0,10.8,73.0,3.0
6.0,10.8,77.0,3.0
1.0,3.6,95.0,1.0
2.0,21.6,92.0,6.0
3.0,3.6,81.0,1.0
4.0,10.8,74.0,3.0
6.0,7.2,77.0,2.0
1.0,3.6,95.0,1.0
2.0,21.6,92.0,6.0
3.0,3.6,81.0,1.0
4.0,18.0,71.0,5.0
6.0,7.2,76.0,2.0
1.0,0.0,95.0,0.0
2.0,21.6,92.0,6.0
3.0,3.6,81.0,1.0
4.0,21.6,70.0,6.0
6.0,10.8,75.0,3.0
1.0,0.0,95.0,0.0
2.0,21.6,92.0,6.0
3.0,3.6,81.0,1.0
6.0,10.8,75.0,3.0
1.0,0.0,95.0,0.0
2.0,21.6,92.0,6.0
3.0,3.6,81.0,1.0
6.0,14.4,75.0,4.0
1.0,0.0,95.0,0.0
2.0,32.4,89.0,9.0
3.0,3.6,81.0,1.0
6.0,14.4,75.0,4.0
1.0,0.0,95.0,0.0
2.0,21.6,91.0,6.0
3.0,3.6,82.0,1.0
6.0,14.4,75.0,4.0
1.0,0.0,95.0,0.0
2.0,21.6,92.0,6.0
3.0,3.6,82.0,1.0
6.0,14.4,75.0,4.0
1.0,0.0,95.0,0.0
2.0,21.6,92.0,6.0
3.0,3.6,82.0,1.0
6.0,10.8,76.0,3.0
1.0,3.6,96.0,1.0
2.0,18.0,93.0,5.0
3.0,3.6,81.0,1.0
6.0,10.8,76.0,3.0
1.0,3.6,96.0,1.0
2.0,14.4,93.0,4.0
3.0,7.2,82.0,2.0
6.0,10.8,76.0,3.0
1.0,3.6,96.0,1.0
2.0,14.4,93.0,4.0
3.0,7.2,82.0,2.0
6.0,14.4,75.0,4.0
1.0,3.6,96.0,1.0
2.0,10.8,94.0,3.0
3.0,14.4,84.0,4.0
1.0,3.6,96.0,1.0
2.0,10.8,94.0,3.0
3.0,18.0,85.0,5.0
1.0,7.2,97.0,2.0
2.0,7.2,95.0,2.0
3.0,18.0,85.0,5.0
16.0,28.8,79.0,4.0
1.0,7.2,97.0,2.0
2.0,7.2,95.0,2.0
3.0,18.0,85.0,5.0
16.0,26.584615384615386,79.0,4.0
1.0,3.6,96.0,1.0
2.0,7.2,95.0,2.0
3.0,14.4,85.0,4.0
16.0,30.857142857142858,78.0,5.0
1.0,3.6,96.0,1.0
2.0,3.6,96.0,1.0
3.0,14.4,85.0,4.0
16.0,28.8,78.0,5.0
1.0,3.6,96.0,1.0
2.0,3.6,96.0,1.0
3.0,14.4,85.0,4.0
16.0,32.4,77.0,6.0
1.0,3.6,96.0,1.0
2.0,0.0,96.0,0.0
3.0,10.8,84.0,3.0
16.0,30.494117647058825,77.0,6.0
1.0,3.6,96.0,1.0
2.0,0.0,96.0,0.0
3.0,3.6,83.0,1.0
16.0,24.0,78.0,5.0
1.0,3.6,96.0,1.0
2.0,3.6,96.0,1.0
3.0,10.8,84.0,3.0
16.0,27.284210526315793,77.0,6.0
1.0,0.0,95.0,0.0
2.0,7.2,95.0,2.0
3.0,10.8,84.0,3.0
16.0,30.240000000000002,76.0,7.0
1.0,0.0,95.0,0.0
2.0,10.8,95.0,3.0
3.0,10.8,84.0,3.0
16.0,32.91428571428571,75.0,8.0
1.0,3.6,94.0,1.0
2.0,14.4,96.0,4.0
3.0,7.2,83.0,2.0
16.0,31.41818181818182,75.0,8.0
17.0,43.2,84.0,6.0
1.0,7.2,93.0,2.0
2.0,10.8,95.0,3.0
3.0,7.2,83.0,2.0
16.0,30.05217391304348,75.0,8.0
17.0,33.23076923076923,85.0,5.0
1.0,7.2,93.0,2.0
2.0,10.8,95.0,3.0
3.0,10.8,84.0,3.0
16.0,32.4,74.0,9.0
17.0,30.857142857142858,85.0,5.0
1.0,7.2,93.0,2.0
2.0,10.8,95.0,3.0
3.0,10.8,84.0,3.0
16.0,32.4,74.0,9.0
17.0,23.040000000000003,86.0,4.0
1.0,10.8,92.0,3.0
2.0,21.6,95.0,6.0
3.0,10.8,84.0,3.0
16.0,32.4,74.0,9.0
17.0,21.6,86.0,4.0
1.0,10.8,92.0,3.0
2.0,14.4,95.0,4.0
3.0,7.2,84.0,2.0
16.0,32.4,74.0,9.0
17.0,25.41176470588235,85.0,5.0
1.0,10.8,92.0,3.0
2.0,10.8,95.0,3.0
3.0,3.6,83.0,1.0
16.0,21.6,75.0,6.0
1.0,21.6,89.0,6.0
2.0,10.8,95.0,3.0
3.0,0.0,82.0,0.0
16.0,28.8,74.0,8.0
17.0,19.2,86.0,4.0
1.0,21.6,90.0,6.0
2.0,7.2,95.0,2.0
3.0,3.6,82.0,1.0
16.0,25.2,73.0,7.0
17.0,22.736842105263158,85.0,5.0
1.0,18.0,91.0,5.0
2.0,3.6,94.0,1.0
3.0,3.6,81.0,1.0
16.0,28.8,72.0,8.0
17.0,17.28,86.0,4.0
1.0,32.4,87.0,9.0
2.0,3.6,94.0,1.0
3.0,3.6,81.0,1.0
16.0,25.2,72.0,7.0
17.0,16.457142857142856,86.0,4.0
1.0,39.6,85.0,11.0
2.0,0.0,94.0,0.0
3.0,7.2,82.0,2.0
16.0,18.0,74.0,5.0
17.0,62.83636363636364,74.0,16.0
1.0,43.2,84.0,12.0
2.0,0.0,94.0,0.0
3.0,10.8,82.0,3.0
16.0,32.4,74.0,9.0
17.0,30.05217391304348,82.0,8.0
1.0,46.800000000000004,84.0,13.0
2.0,3.6,94.0,1.0
3.0,10.8,82.0,3.0
16.0,14.4,75.0,4.0
17.0,21.6,84.0,6.0
1.0,43.2,85.0,12.0
2.0,3.6,94.0,1.0
3.0,10.8,82.0,3.0
16.0,14.4,75.0,4.0
17.0,18.0,85.0,5.0
1.0,43.2,84.0,12.0
2.0,3.6,94.0,1.0
3.0,10.8,82.0,3.0
16.0,7.2,76.0,2.0
17.0,21.6,85.0,6.0
1.0,43.2,84.0,12.0
2.0,7.2,94.0,2.0
3.0,14.4,81.0,4.0
16.0,10.8,75.0,3.0
17.0,28.8,85.0,8.0
1.0,46.800000000000004,83.0,13.0
2.0,7.2,94.0,2.0
3.0,14.4,81.0,4.0
16.0,7.2,75.0,2.0
17.0,3.6,85.0,1.0
1.0,50.4,82.0,14.0
2.0,7.2,94.0,2.0
3.0,14.4,80.0,4.0
16.0,10.8,74.0,3.0
17.0,0.0,85.0,0.0
1.0,50.4,82.0,14.0
2.0,10.8,93.0,3.0
3.0,10.8,80.0,3.0
16.0,18.0,73.0,5.0
17.0,7.2,86.0,2.0
1.0,50.4,82.0,14.0
2.0,10.8,93.0,3.0
3.0,14.4,80.0,4.0
16.0,18.0,72.0,5.0
17.0,7.2,86.0,2.0
26.0,21.6,97.0,3.0
1.0,50.4,81.0,14.0
2.0,14.4,91.0,4.0
3.0,10.8,81.0,3.0
16.0,14.4,72.0,4.0
17.0,10.8,87.0,3.0
26.0,19.938461538461542,97.0,3.0
1.0,50.4,81.0,14.0
2.0,3.6,94.0,1.0
3.0,10.8,81.0,3.0
16.0,10.8,72.0,3.0
17.0,7.2,86.0,2.0
26.0,12.342857142857142,96.0,2.0
1.0,50.4,80.0,14.0
2.0,14.4,92.0,4.0
3.0,7.2,81.0,2.0
16.0,7.2,73.0,2.0
17.0,7.2,85.0,2.0
26.0,11.520000000000001,96.0,2.0
2.0,14.4,91.0,4.0
3.0,7.2,81.0,2.0
16.0,7.2,73.0,2.0
17.0,3.6,85.0,1.0
26.0,10.8,96.0,2.0
2.0,3.6,94.0,1.0
3.0,14.4,80.0,4.0
16.0,3.6,73.0,1.0
17.0,0.0,85.0,0.0
26.0,10.16470588235294,96.0,2.0
2.0,3.6,96.0,1.0
3.0,14.4,80.0,4.0
16.0,3.6,73.0,1.0
17.0,0.0,85.0,0.0
26.0,14.4,97.0,3.0
2.0,0.0,95.0,0.0
3.0,14.4,80.0,4.0
16.0,3.6,73.0,1.0
17.0,3.6,85.0,1.0
26.0,18.18947368421053,98.0,4.0
2.0,3.6,94.0,1.0
3.0,14.4,80.0,4.0
16.0,0.0,74.0,0.0
17.0,7.2,84.0,2.0
26.0,25.919999999999998,100.0,6.0
1.0,39.6,82.0,11.0
2.0,7.2,93.0,2.0
3.0,7.2,81.0,2.0
16.0,3.6,74.0,1.0
17.0,0.0,85.0,0.0
26.0,24.685714285714283,100.0,6.0
1.0,36.0,83.0,10.0
2.0,14.4,91.0,4.0
3.0,3.6,81.0,1.0
16.0,3.6,75.0,1.0
17.0,3.6,85.0,1.0
26.0,31.41818181818182,102.0,8.0
1.0,36.0,83.0,10.0
2.0,14.4,91.0,4.0
3.0,3.6,81.0,1.0
16.0,7.2,75.0,2.0
17.0,3.6,84.0,1.0
26.0,33.80869565217391,103.0,9.0
1.0,32.4,83.0,9.0
2.0,10.8,91.0,3.0
3.0,0.0,81.0,0.0
16.0,10.8,75.0,3.0
17.0,7.2,84.0,2.0
26.0,39.6,105.0,11.0
1.0,21.6,86.0,6.0
2.0,14.4,90.0,4.0
3.0,0.0,81.0,0.0
16.0,10.8,75.0,3.0
17.0,7.2,84.0,2.0
26.0,43.2,106.0,12.0
1.0,18.0,87.0,5.0
2.0,14.4,90.0,4.0
3.0,3.6,81.0,1.0
16.0,3.6,75.0,1.0
17.0,36.0,84.0,10.0
26.0,43.2,106.0,12.0
1.0,0.0,89.0,0.0
2.0,14.4,90.0,4.0
3.0,3.6,81.0,1.0
16.0,3.6,75.0,1.0
17.0,7.2,84.0,2.0
26.0,36.0,106.0,10.0
1.0,10.8,87.0,3.0
2.0,14.4,90.0,4.0
3.0,0.0,82.0,0.0
16.0,0.0,75.0,0.0
17.0,0.0,84.0,0.0
26.0,36.0,106.0,10.0
1.0,10.8,88.0,3.0
2.0,10.8,91.0,3.0
3.0,0.0,82.0,0.0
16.0,3.6,76.0,1.0
17.0,0.0,85.0,0.0
26.0,32.4,106.0,9.0
1.0,3.6,88.0,1.0
2.0,10.8,91.0,3.0
3.0,0.0,82.0,0.0
16.0,0.0,76.0,0.0
17.0,0.0,85.0,0.0
26.0,28.8,105.0,8.0
1.0,18.0,90.0,5.0
2.0,10.8,91.0,3.0
3.0,3.6,82.0,1.0
16.0,3.6,76.0,1.0
17.0,3.6,86.0,1.0
26.0,32.4,106.0,9.0
1.0,28.8,92.0,8.0
2.0,10.8,91.0,3.0
3.0,3.6,82.0,1.0
16.0,3.6,76.0,1.0
17.0,3.6,86.0,1.0
26.0,28.8,106.0,8.0
1.0,43.2,96.0,12.0
2.0,7.2,92.0,2.0
3.0,7.2,82.0,2.0
16.0,7.2,76.0,2.0
17.0,7.2,87.0,2.0
26.0,28.8,106.0,8.0
2.0,3.6,94.0,1.0
3.0,3.6,81.0,1.0
16.0,10.8,76.0,3.0
17.0,7.2,88.0,2.0
26.0,32.4,106.0,9.0
1.0,43.2,97.0,12.0
2.0,3.6,94.0,1.0
3.0,3.6,81.0,1.0
16.0,18.0,77.0,5.0
17.0,7.2,88.0,2.0
26.0,32.4,106.0,9.0
1.0,46.800000000000004,97.0,13.0
21.0,14.4,73.0,2.0
2.0,7.2,93.0,2.0
3.0,0.0,81.0,0.0
16.0,28.8,80.0,8.0
17.0,0.0,87.0,0.0
26.0,36.0,107.0,10.0
1.0,43.2,96.0,12.0
21.0,26.584615384615386,75.0,4.0
2.0,0.0,94.0,0.0
3.0,0.0,81.0,0.0
16.0,25.2,79.0,7.0
17.0,0.0,86.0,0.0
26.0,46.800000000000004,109.0,13.0
29.0,14.4,86.0,2.0
1.0,43.2,95.0,12.0
21.0,24.685714285714283,75.0,4.0
2.0,10.8,95.0,3.0
3.0,3.6,82.0,1.0
16.0,14.4,77.0,4.0
17.0,0.0,85.0,0.0
26.0,46.800000000000004,109.0,13.0
1.0,32.4,91.0,9.0
21.0,23.040000000000003,75.0,4.0
2.0,14.4,95.0,4.0
3.0,10.8,84.0,3.0
16.0,3.6,74.0,1.0
26.0,46.800000000000004,109.0,13.0
1.0,32.4,91.0,9.0
2.0,0.0,94.0,0.0
3.0,18.0,85.0,5.0
16.0,7.2,75.0,2.0
26.0,46.800000000000004,109.0,13.0
1.0,21.6,88.0,6.0
21.0,16.2,74.0,3.0
17.0,3.6,84.0,1.0
2.0,0.0,96.0,0.0
3.0,18.0,85.0,5.0
16.0,0.0,73.0,0.0
26.0,43.2,109.0,12.0
1.0,28.8,89.0,8.0
21.0,5.08235294117647,72.0,1.0
17.0,0.0,85.0,0.0
2.0,7.2,97.0,2.0
3.0,18.0,85.0,5.0
16.0,10.8,76.0,3.0
26.0,43.2,110.0,12.0
1.0,36.0,91.0,10.0
21.0,0.0,71.0,0.0
17.0,0.0,85.0,0.0
2.0,10.8,97.0,3.0
3.0,18.0,85.0,5.0
16.0,0.0,74.0,0.0
26.0,36.0,110.0,10.0
31.0,64.8,49.0,9.0
1.0,32.4,89.0,9.0
30.0,21.6,38.0,3.0
21.0,4.547368421052632,70.0,1.0
17.0,3.6,84.0,1.0
2.0,10.8,96.0,3.0
3.0,14.4,85.0,4.0
16.0,3.6,73.0,1.0
26.0,36.0,110.0,10.0
1.0,21.6,88.0,6.0
30.0,19.938461538461542,38.0,3.0
21.0,4.32,70.0,1.0
29.0,6.6461538461538465,85.0,1.0
2.0,18.0,96.0,5.0
3.0,14.4,85.0,4.0
16.0,7.2,73.0,2.0
26.0,28.8,110.0,8.0
1.0,21.6,89.0,6.0
30.0,18.514285714285712,38.0,3.0
21.0,4.114285714285714,70.0,1.0
29.0,0.0,84.0,0.0
2.0,18.0,96.0,5.0
3.0,14.4,85.0,4.0
16.0,7.2,73.0,2.0
26.0,28.8,111.0,8.0
1.0,21.6,89.0,6.0
30.0,23.040000000000003,37.0,4.0
21.0,3.9272727272727277,70.0,1.0
29.0,5.760000000000001,83.0,1.0
2.0,18.0,96.0,5.0
3.0,14.4,85.0,4.0
16.0,10.8,72.0,3.0
26.0,21.6,111.0,6.0
1.0,21.6,89.0,6.0
30.0,21.6,37.0,4.0
21.0,3.756521739130435,70.0,1.0
29.0,10.8,82.0,2.0
2.0,21.6,96.0,6.0
3.0,14.4,85.0,4.0
16.0,10.8,72.0,3.0
26.0,21.6,112.0,6.0
1.0,7.2,88.0,2.0
30.0,20.32941176470588,37.0,4.0
21.0,7.2,69.0,2.0
2.0,21.6,96.0,6.0
3.0,14.4,85.0,4.0
16.0,10.8,72.0,3.0
26.0,18.0,111.0,5.0
1.0,7.2,89.0,2.0
30.0,24.0,36.0,5.0
21.0,0.0,69.0,0.0
29.0,5.08235294117647,83.0,1.0
2.0,25.2,97.0,7.0
3.0,14.4,85.0,4.0
16.0,10.8,72.0,3.0
26.0,14.4,110.0,4.0
1.0,0.0,89.0,0.0
30.0,22.736842105263158,36.0,5.0
21.0,10.8,71.0,3.0
29.0,0.0,84.0,0.0
2.0,28.8,98.0,8.0
3.0,10.8,85.0,3.0
16.0,7.2,73.0,2.0
26.0,10.8,109.0,3.0
1.0,7.2,89.0,2.0
30.0,21.6,36.0,5.0
21.0,21.6,61.0,6.0
29.0,4.547368421052632,83.0,1.0
2.0,25.2,98.0,7.0
3.0,10.8,85.0,3.0
16.0,10.8,73.0,3.0
26.0,10.8,109.0,3.0
1.0,10.8,91.0,3.0
21.0,10.8,70.0,3.0
29.0,0.0,84.0,0.0
2.0,28.8,99.0,8.0
3.0,10.8,85.0,3.0
16.0,10.8,73.0,3.0
26.0,14.4,109.0,4.0
1.0,10.8,91.0,3.0
21.0,18.0,72.0,5.0
29.0,0.0,84.0,0.0
2.0,25.2,98.0,7.0
3.0,7.2,84.0,2.0
16.0,18.0,71.0,5.0
26.0,10.8,109.0,3.0
1.0,3.6,91.0,1.0
21.0,14.4,61.0,4.0
29.0,0.0,84.0,0.0
2.0,25.2,98.0,7.0
3.0,7.2,84.0,2.0
16.0,21.6,70.0,6.0
26.0,7.2,108.0,2.0
1.0,3.6,91.0,1.0
21.0,18.0,69.0,5.0
29.0,0.0,84.0,0.0
2.0,18.0,97.0,5.0
3.0,7.2,84.0,2.0
16.0,18.0,71.0,5.0
26.0,10.8,109.0,3.0
1.0,18.0,91.0,5.0
21.0,18.0,72.0,5.0
29.0,0.0,84.0,0.0
3.0,7.2,83.0,2.0
16.0,21.6,70.0,6.0
26.0,10.8,109.0,3.0
1.0,10.8,94.0,3.0
21.0,39.6,75.0,11.0
29.0,7.2,82.0,2.0
3.0,7.2,83.0,2.0
16.0,28.8,69.0,8.0
26.0,10.8,109.0,3.0
1.0,7.2,95.0,2.0
21.0,18.0,76.0,5.0
29.0,18.0,80.0,5.0
3.0,10.8,84.0,3.0
16.0,43.2,68.0,12.0
26.0,7.2,109.0,2.0
1.0,3.6,95.0,1.0
21.0,10.8,76.0,3.0
29.0,32.4,77.0,9.0
3.0,7.2,83.0,2.0
16.0,39.6,68.0,11.0
26.0,3.6,110.0,1.0
1.0,0.0,95.0,0.0
21.0,3.6,76.0,1.0
29.0,28.8,76.0,8.0
3.0,7.2,84.0,2.0
16.0,36.0,67.0,10.0
26.0,7.2,111.0,2.0
1.0,14.4,95.0,4.0
21.0,7.2,73.0,2.0
29.0,36.0,75.0,10.0
3.0,0.0,84.0,0.0
16.0,28.8,66.0,8.0
26.0,10.8,112.0,3.0
1.0,18.0,96.0,5.0
21.0,7.2,73.0,2.0
29.0,32.4,75.0,9.0
3.0,3.6,84.0,1.0
16.0,32.4,66.0,9.0
26.0,10.8,112.0,3.0
1.0,46.800000000000004,101.0,13.0
21.0,3.6,73.0,1.0
29.0,32.4,76.0,9.0
3.0,7.2,83.0,2.0
16.0,28.8,65.0,8.0
26.0,14.4,113.0,4.0
1.0,57.6,105.0,16.0
21.0,3.6,71.0,1.0
29.0,32.4,75.0,9.0
3.0,3.6,84.0,1.0
16.0,39.6,65.0,11.0
26.0,10.8,113.0,3.0
1.0,54.0,106.0,15.0
21.0,3.6,72.0,1.0
29.0,21.6,78.0,6.0
3.0,7.2,83.0,2.0
26.0,10.8,113.0,3.0
1.0,61.2,106.0,17.0
21.0,7.2,72.0,2.0
29.0,36.0,79.0,10.0
3.0,10.8,82.0,3.0
26.0,10.8,113.0,3.0
1.0,64.8,106.0,18.0
21.0,10.8,73.0,3.0
29.0,25.2,79.0,7.0
16.0,32.4,65.0,9.0
3.0,14.4,81.0,4.0
26.0,10.8,113.0,3.0
1.0,57.6,105.0,16.0
21.0,14.4,74.0,4.0
29.0,18.0,80.0,5.0
3.0,18.0,80.0,5.0
26.0,7.2,113.0,2.0
1.0,43.2,101.0,12.0
21.0,7.2,72.0,2.0
29.0,14.4,80.0,4.0
3.0,21.6,79.0,6.0
26.0,7.2,113.0,2.0
1.0,50.4,103.0,14.0
21.0,7.2,72.0,2.0
29.0,10.8,80.0,3.0
3.0,18.0,80.0,5.0
26.0,3.6,113.0,1.0
1.0,64.8,106.0,18.0
21.0,10.8,72.0,3.0
29.0,7.2,80.0,2.0
16.0,28.8,65.0,8.0
3.0,14.4,81.0,4.0
26.0,7.2,113.0,2.0
1.0,68.4,108.0,19.0
21.0,7.2,71.0,2.0
29.0,7.2,81.0,2.0
3.0,10.8,82.0,3.0
26.0,14.4,114.0,4.0
1.0,72.0,109.0,20.0
21.0,3.6,72.0,1.0
29.0,10.8,81.0,3.0
16.0,28.8,65.0,8.0
3.0,10.8,82.0,3.0
26.0,21.6,115.0,6.0
1.0,46.800000000000004,102.0,13.0
21.0,39.6,72.0,11.0
29.0,7.2,81.0,2.0
16.0,18.0,68.0,5.0
3.0,10.8,82.0,3.0
26.0,25.2,116.0,7.0
1.0,50.4,105.0,14.0
21.0,7.2,72.0,2.0
29.0,7.2,82.0,2.0
3.0,7.2,83.0,2.0
26.0,25.2,116.0,7.0
1.0,28.8,99.0,8.0
21.0,0.0,72.0,0.0
29.0,7.2,82.0,2.0
3.0,3.6,83.0,1.0
26.0,25.2,116.0,7.0
1.0,25.2,98.0,7.0
21.0,39.6,72.0,11.0
29.0,7.2,82.0,2.0
3.0,3.6,83.0,1.0
26.0,25.2,115.0,7.0
1.0,21.6,97.0,6.0
21.0,10.8,72.0,3.0
29.0,3.6,83.0,1.0
3.0,0.0,84.0,0.0
26.0,21.6,115.0,6.0
1.0,18.0,96.0,5.0
21.0,0.0,72.0,0.0
29.0,0.0,84.0,0.0
3.0,3.6,84.0,1.0
26.0,18.0,114.0,5.0
1.0,7.2,96.0,2.0
21.0,10.8,72.0,3.0
29.0,0.0,82.0,0.0
3.0,7.2,85.0,2.0
26.0,18.0,114.0,5.0
1.0,3.6,96.0,1.0
21.0,14.4,72.0,4.0
29.0,3.6,81.0,1.0
3.0,3.6,85.0,1.0
26.0,18.0,114.0,5.0
1.0,0.0,95.0,0.0
21.0,14.4,72.0,4.0
29.0,10.8,80.0,3.0
3.0,7.2,85.0,2.0
26.0,10.8,113.0,3.0
1.0,7.2,97.0,2.0
21.0,10.8,73.0,3.0
29.0,18.0,81.0,5.0
16.0,3.6,71.0,1.0
3.0,3.6,85.0,1.0
26.0,7.2,113.0,2.0
1.0,7.2,97.0,2.0
21.0,0.0,73.0,0.0
29.0,25.2,82.0,7.0
3.0,3.6,85.0,1.0
26.0,7.2,114.0,2.0
1.0,3.6,95.0,1.0
21.0,0.0,73.0,0.0
29.0,21.6,81.0,6.0
3.0,3.6,85.0,1.0
26.0,7.2,114.0,2.0
1.0,25.2,94.0,7.0
21.0,0.0,73.0,0.0
29.0,18.0,81.0,5.0
3.0,7.2,85.0,2.0
1.0,32.4,96.0,9.0
21.0,7.2,73.0,2.0
29.0,18.0,80.0,5.0
3.0,3.6,85.0,1.0
1.0,25.2,99.0,7.0
21.0,3.6,73.0,1.0
29.0,7.2,80.0,2.0
26.0,7.2,115.0,2.0
3.0,10.8,86.0,3.0
1.0,25.2,99.0,7.0
21.0,0.0,72.0,0.0
29.0,3.6,80.0,1.0
26.0,10.8,116.0,3.0
3.0,14.4,86.0,4.0
1.0,25.2,99.0,7.0
21.0,7.2,71.0,2.0
29.0,7.2,81.0,2.0
26.0,0.0,113.0,0.0
3.0,21.6,87.0,6.0
1.0,18.0,100.0,5.0
21.0,10.8,71.0,3.0
29.0,10.8,83.0,3.0
26.0,14.4,109.0,4.0
3.0,28.8,88.0,8.0
1.0,3.6,100.0,1.0
21.0,3.6,71.0,1.0
29.0,21.6,86.0,6.0
26.0,25.2,106.0,7.0
3.0,32.4,88.0,9.0
1.0,10.8,100.0,3.0
21.0,3.6,71.0,1.0
29.0,18.0,85.0,5.0
26.0,28.8,105.0,8.0
3.0,32.4,89.0,9.0
1.0,21.6,100.0,6.0
21.0,3.6,71.0,1.0
29.0,21.6,86.0,6.0
26.0,28.8,105.0,8.0
3.0,32.4,90.0,9.0
1.0,25.2,101.0,7.0
21.0,0.0,71.0,0.0
29.0,7.2,83.0,2.0
3.0,25.2,89.0,7.0
1.0,28.8,101.0,8.0
21.0,7.2,70.0,2.0
29.0,21.6,87.0,6.0
26.0,39.6,102.0,11.0
3.0,32.4,91.0,9.0
1.0,3.6,103.0,1.0
21.0,7.2,70.0,2.0
29.0,21.6,87.0,6.0
3.0,32.4,91.0,9.0
1.0,7.2,103.0,2.0
21.0,7.2,70.0,2.0
29.0,7.2,84.0,2.0
26.0,28.8,105.0,8.0
3.0,28.8,91.0,8.0
1.0,14.4,103.0,4.0
21.0,7.2,70.0,2.0
29.0,0.0,82.0,0.0
3.0,28.8,91.0,8.0
1.0,18.0,103.0,5.0
21.0,7.2,70.0,2.0
29.0,3.6,83.0,1.0
3.0,28.8,91.0,8.0
1.0,21.6,103.0,6.0
21.0,3.6,71.0,1.0
29.0,0.0,83.0,0.0
3.0,21.6,90.0,6.0
1.0,25.2,103.0,7.0
21.0,3.6,71.0,1.0
29.0,3.6,83.0,1.0
3.0,25.2,91.0,7.0
1.0,25.2,103.0,7.0
21.0,3.6,71.0,1.0
29.0,0.0,82.0,0.0
3.0,21.6,91.0,6.0
1.0,25.2,103.0,7.0
21.0,3.6,71.0,1.0
29.0,3.6,82.0,1.0
3.0,21.6,91.0,6.0
1.0,25.2,102.0,7.0
21.0,7.2,70.0,2.0
3.0,21.6,91.0,6.0
1.0,18.0,102.0,5.0
21.0,10.8,70.0,3.0
3.0,21.6,91.0,6.0
1.0,21.6,103.0,6.0
21.0,14.4,69.0,4.0
29.0,14.4,84.0,4.0
3.0,25.2,92.0,7.0
1.0,28.8,103.0,8.0
21.0,10.8,70.0,3.0
3.0,39.6,96.0,11.0
1.0,28.8,102.0,8.0
21.0,7.2,71.0,2.0
3.0,46.800000000000004,98.0,13.0
1.0,28.8,104.0,8.0
21.0,7.2,71.0,2.0
3.0,43.2,97.0,12.0
1.0,21.6,105.0,6.0
21.0,10.8,70.0,3.0
29.0,36.0,91.0,10.0
3.0,46.800000000000004,99.0,13.0
1.0,18.0,104.0,5.0
21.0,7.2,70.0,2.0
46.0,43.2,65.0,6.0
3.0,36.0,96.0,10.0
1.0,18.0,104.0,5.0
21.0,0.0,71.0,0.0
46.0,39.876923076923084,65.0,6.0
29.0,39.6,93.0,11.0
3.0,28.8,95.0,8.0
1.0,10.8,103.0,3.0
21.0,0.0,71.0,0.0
46.0,24.685714285714283,67.0,4.0
29.0,36.0,91.0,10.0
3.0,25.2,95.0,7.0
1.0,3.6,101.0,1.0
21.0,3.6,72.0,1.0
46.0,5.760000000000001,70.0,1.0
29.0,36.0,91.0,10.0
3.0,25.2,95.0,7.0
1.0,0.0,100.0,0.0
21.0,7.2,73.0,2.0
46.0,0.0,71.0,0.0
29.0,39.6,91.0,11.0
3.0,21.6,95.0,6.0
1.0,3.6,101.0,1.0
21.0,7.2,73.0,2.0
46.0,5.08235294117647,70.0,1.0
29.0,39.6,91.0,11.0
3.0,21.6,96.0,6.0
1.0,0.0,101.0,0.0
21.0,7.2,73.0,2.0
46.0,14.4,68.0,3.0
29.0,39.6,91.0,11.0
3.0,25.2,96.0,7.0
1.0,3.6,102.0,1.0
21.0,10.8,73.0,3.0
46.0,18.18947368421053,67.0,4.0
29.0,32.4,90.0,9.0
3.0,18.0,96.0,5.0
1.0,18.0,98.0,5.0
21.0,10.8,73.0,3.0
46.0,8.64,69.0,2.0
3.0,18.0,96.0,5.0
1.0,28.8,95.0,8.0
21.0,14.4,74.0,4.0
46.0,8.228571428571428,69.0,2.0
3.0,18.0,96.0,5.0
1.0,32.4,94.0,9.0
21.0,14.4,74.0,4.0
46.0,3.9272727272727277,70.0,1.0
3.0,21.6,97.0,6.0
1.0,36.0,93.0,10.0
21.0,14.4,74.0,4.0
46.0,11.269565217391303,68.0,3.0
3.0,21.6,97.0,6.0
1.0,39.6,92.0,11.0
21.0,10.8,74.0,3.0
46.0,18.0,66.0,5.0
29.0,21.6,89.0,6.0
3.0,25.2,97.0,7.0
1.0,46.800000000000004,90.0,13.0
21.0,10.8,74.0,3.0
46.0,14.4,67.0,4.0
3.0,10.8,94.0,3.0
1.0,46.800000000000004,90.0,13.0
21.0,14.4,75.0,4.0
46.0,14.4,68.0,4.0
29.0,3.6,85.0,1.0
3.0,10.8,94.0,3.0
1.0,39.6,92.0,11.0
21.0,10.8,74.0,3.0
46.0,10.8,69.0,3.0
29.0,10.8,82.0,3.0
3.0,14.4,95.0,4.0
1.0,43.2,90.0,12.0
21.0,14.4,74.0,4.0
46.0,10.8,69.0,3.0
3.0,21.6,97.0,6.0
21.0,14.4,74.0,4.0
46.0,25.2,71.0,7.0
3.0,21.6,97.0,6.0
21.0,18.0,74.0,5.0
46.0,32.4,72.0,9.0
1.0,39.6,91.0,11.0
3.0,21.6,98.0,6.0
21.0,14.4,74.0,4.0
46.0,36.0,73.0,10.0
1.0,39.6,92.0,11.0
3.0,14.4,100.0,4.0
21.0,14.4,75.0,4.0
46.0,43.2,75.0,12.0
1.0,43.2,91.0,12.0
3.0,14.4,102.0,4.0
21.0,18.0,76.0,5.0
46.0,32.4,74.0,9.0
1.0,32.4,93.0,9.0
3.0,21.6,103.0,6.0
21.0,25.2,77.0,7.0
46.0,32.4,73.0,9.0
1.0,18.0,99.0,5.0
3.0,18.0,104.0,5.0
21.0,25.2,77.0,7.0
46.0,32.4,74.0,9.0
3.0,21.6,102.0,6.0
21.0,25.2,78.0,7.0
46.0,36.0,75.0,10.0
1.0,36.0,95.0,10.0
3.0,28.8,103.0,8.0
21.0,28.8,79.0,8.0
46.0,14.4,71.0,4.0
1.0,54.0,89.0,15.0
3.0,25.2,102.0,7.0
21.0,25.2,79.0,7.0
46.0,10.8,73.0,3.0
3.0,28.8,103.0,8.0
21.0,21.6,79.0,6.0
46.0,14.4,75.0,4.0
3.0,28.8,103.0,8.0
21.0,21.6,79.0,6.0
46.0,7.2,68.0,2.0
3.0,25.2,103.0,7.0
21.0,14.4,77.0,4.0
46.0,18.0,73.0,5.0
3.0,28.8,104.0,8.0
21.0,10.8,76.0,3.0
46.0,14.4,71.0,4.0
3.0,28.8,104.0,8.0
21.0,10.8,76.0,3.0
46.0,21.6,75.0,6.0
3.0,32.4,105.0,9.0
21.0,10.8,77.0,3.0
46.0,10.8,72.0,3.0
3.0,36.0,106.0,10.0
21.0,14.4,78.0,4.0
46.0,10.8,73.0,3.0
3.0,36.0,107.0,10.0
21.0,18.0,79.0,5.0
46.0,21.6,74.0,6.0
3.0,36.0,107.0,10.0
21.0,21.6,80.0,6.0
46.0,32.4,75.0,9.0
3.0,36.0,107.0,10.0
21.0,25.2,81.0,7.0
46.0,32.4,76.0,9.0
3.0,46.800000000000004,107.0,13.0
21.0,25.2,82.0,7.0
46.0,32.4,77.0,9.0
3.0,50.4,108.0,14.0
21.0,32.4,83.0,9.0
46.0,32.4,78.0,9.0
3.0,46.800000000000004,108.0,13.0
21.0,32.4,83.0,9.0
46.0,28.8,77.0,8.0
3.0,36.0,107.0,10.0
21.0,32.4,83.0,9.0
46.0,28.8,79.0,8.0
3.0,28.8,105.0,8.0
21.0,28.8,82.0,8.0
46.0,28.8,80.0,8.0
3.0,21.6,104.0,6.0
21.0,28.8,82.0,8.0
46.0,28.8,81.0,8.0
3.0,21.6,106.0,6.0
21.0,25.2,82.0,7.0
46.0,18.0,80.0,5.0
3.0,21.6,108.0,6.0
21.0,18.0,81.0,5.0
46.0,25.2,81.0,7.0
3.0,21.6,109.0,6.0
21.0,10.8,80.0,3.0
46.0,28.8,81.0,8.0
3.0,21.6,110.0,6.0
21.0,14.4,81.0,4.0
46.0,25.2,81.0,7.0
3.0,28.8,110.0,8.0
21.0,7.2,80.0,2.0
46.0,21.6,81.0,6.0
3.0,18.0,108.0,5.0
21.0,3.6,80.0,1.0
3.0,10.8,99.0,3.0
21.0,0.0,79.0,0.0
46.0,32.4,80.0,9.0
3.0,14.4,99.0,4.0
21.0,3.6,78.0,1.0
3.0,14.4,99.0,4.0
21.0,0.0,79.0,0.0
46.0,25.2,80.0,7.0
3.0,21.6,97.0,6.0
21.0,7.2,79.0,2.0
46.0,21.6,81.0,6.0
3.0,28.8,96.0,8.0
21.0,14.4,80.0,4.0
46.0,43.2,80.0,12.0
3.0,36.0,94.0,10.0
21.0,10.8,79.0,3.0
46.0,25.2,80.0,7.0
3.0,32.4,96.0,9.0
21.0,14.4,81.0,4.0
46.0,28.8,79.0,8.0
3.0,36.0,96.0,10.0
21.0,10.8,81.0,3.0
46.0,14.4,79.0,4.0
3.0,43.2,95.0,12.0
21.0,10.8,82.0,3.0
3.0,36.0,97.0,10.0
21.0,10.8,83.0,3.0
3.0,36.0,97.0,10.0
21.0,7.2,83.0,2.0
3.0,39.6,96.0,11.0
21.0,7.2,84.0,2.0
3.0,43.2,96.0,12.0
21.0,3.6,84.0,1.0
3.0,54.0,93.0,15.0
21.0,7.2,85.0,2.0
3.0,43.2,95.0,12.0
21.0,7.2,85.0,2.0
3.0,18.0,100.0,5.0
21.0,10.8,85.0,3.0
3.0,36.0,94.0,10.0
21.0,10.8,85.0,3.0
3.0,57.6,90.0,16.0
21.0,14.4,86.0,4.0
3.0,86.4,84.0,24.0
21.0,18.0,86.0,5.0
3.0,115.2,77.0,32.0
21.0,18.0,85.0,5.0
3.0,126.0,75.0,35.0
21.0,14.4,85.0,4.0
3.0,133.20000000000002,73.0,37.0
21.0,25.2,87.0,7.0
3.0,133.20000000000002,71.0,37.0
21.0,25.2,87.0,7.0
3.0,104.4,70.0,29.0
21.0,28.8,87.0,8.0
3.0,108.0,69.0,30.0
21.0,36.0,88.0,10.0
3.0,82.8,76.0,23.0
21.0,36.0,89.0,10.0
3.0,61.2,80.0,17.0
21.0,36.0,89.0,10.0
3.0,43.2,84.0,12.0
21.0,39.6,91.0,11.0
3.0,39.6,83.0,11.0
21.0,50.4,93.0,14.0
3.0,46.800000000000004,83.0,13.0
21.0,50.4,95.0,14.0
3.0,46.800000000000004,83.0,13.0
21.0,46.800000000000004,94.0,13.0
60.0,28.8,45.0,4.0
3.0,43.2,83.0,12.0
21.0,46.800000000000004,95.0,13.0
60.0,26.584615384615386,45.0,4.0
61.0,0.0,35.0,0.0
3.0,46.800000000000004,84.0,13.0
21.0,50.4,97.0,14.0
61.0,0.0,35.0,0.0
3.0,46.800000000000004,84.0,13.0
21.0,50.4,97.0,14.0
61.0,6.171428571428571,34.0,1.0
3.0,39.6,85.0,11.0
21.0,46.800000000000004,97.0,13.0
61.0,5.760000000000001,34.0,1.0
63.0,21.6,35.0,3.0
3.0,39.6,85.0,11.0
21.0,32.4,93.0,9.0
61.0,5.4,34.0,1.0
63.0,19.938461538461542,35.0,3.0
3.0,28.8,85.0,8.0
21.0,39.6,96.0,11.0
61.0,5.08235294117647,34.0,1.0
63.0,18.514285714285712,35.0,3.0
3.0,39.6,84.0,11.0
21.0,43.2,97.0,12.0
63.0,17.28,35.0,3.0
3.0,61.2,83.0,17.0
21.0,43.2,97.0,12.0
63.0,16.2,35.0,3.0
61.0,4.8,34.0,1.0
3.0,46.800000000000004,81.0,13.0
21.0,39.6,96.0,11.0
63.0,10.16470588235294,34.0,2.0
61.0,4.547368421052632,34.0,1.0
3.0,39.6,79.0,11.0
21.0,43.2,98.0,12.0
63.0,9.6,34.0,2.0
3.0,21.6,78.0,6.0
21.0,46.800000000000004,99.0,13.0
63.0,9.094736842105265,34.0,2.0
3.0,3.6,78.0,1.0
21.0,54.0,100.0,15.0
63.0,8.64,34.0,2.0
61.0,4.32,34.0,1.0
21.0,61.2,102.0,17.0
63.0,8.228571428571428,34.0,2.0
61.0,4.114285714285714,34.0,1.0
21.0,57.6,103.0,16.0
63.0,7.854545454545455,34.0,2.0
61.0,3.9272727272727277,34.0,1.0
21.0,61.2,104.0,17.0
63.0,7.51304347826087,34.0,2.0
61.0,3.756521739130435,34.0,1.0
21.0,61.2,104.0,17.0
63.0,7.2,34.0,2.0
21.0,57.6,104.0,16.0
63.0,3.6,34.0,1.0
21.0,54.0,104.0,15.0
63.0,0.0,34.0,0.0
21.0,50.4,103.0,14.0
63.0,3.6,34.0,1.0
21.0,39.6,102.0,11.0
63.0,0.0,35.0,0.0
21.0,32.4,102.0,9.0
63.0,7.2,34.0,2.0
21.0,25.2,102.0,7.0
63.0,7.2,34.0,2.0
21.0,14.4,98.0,4.0
63.0,10.8,33.0,3.0
21.0,28.8,103.0,8.0
63.0,10.8,33.0,3.0
21.0,0.0,97.0,0.0
63.0,7.2,34.0,2.0
21.0,3.6,96.0,1.0
63.0,7.2,33.0,2.0
21.0,10.8,94.0,3.0
21.0,3.6,92.0,1.0
21.0,7.2,94.0,2.0
21.0,3.6,96.0,1.0
21.0,0.0,97.0,0.0
69.0,7.2,31.0,1.0
21.0,14.4,100.0,4.0
21.0,7.2,96.0,2.0
21.0,21.6,93.0,6.0
21.0,7.2,98.0,2.0
21.0,7.2,100.0,2.0
21.0,0.0,103.0,0.0
21.0,7.2,106.0,2.0
21.0,7.2,106.0,2.0
21.0,10.8,107.0,3.0
21.0,14.4,108.0,4.0
21.0,18.0,108.0,5.0
21.0,18.0,107.0,5.0
77.0,108.0,75.0,15.0
21.0,21.6,108.0,6.0
77.0,106.33846153846154,76.0,16.0
21.0,25.2,109.0,7.0
77.0,111.08571428571427,78.0,18.0
78.0,0.0,41.0,0.0
21.0,43.2,110.0,12.0
77.0,109.44,79.0,19.0
78.0,0.0,41.0,0.0
21.0,21.6,109.0,6.0
77.0,108.0,80.0,20.0
78.0,0.0,41.0,0.0
21.0,43.2,109.0,12.0
77.0,101.6470588235294,80.0,20.0
78.0,0.0,41.0,0.0
21.0,32.4,105.0,9.0
77.0,96.0,80.0,20.0
78.0,0.0,41.0,0.0
21.0,39.6,105.0,11.0
77.0,90.94736842105263,80.0,20.0
78.0,0.0,41.0,0.0
21.0,46.800000000000004,105.0,13.0
77.0,86.4,80.0,20.0
78.0,0.0,41.0,0.0
21.0,39.6,105.0,11.0
77.0,82.28571428571429,80.0,20.0
78.0,0.0,41.0,0.0
21.0,39.6,107.0,11.0
77.0,78.54545454545456,80.0,20.0
78.0,0.0,41.0,0.0
21.0,36.0,107.0,10.0
77.0,78.88695652173912,81.0,21.0
78.0,0.0,41.0,0.0
21.0,21.6,106.0,6.0
77.0,75.60000000000001,81.0,21.0
78.0,0.0,41.0,0.0
21.0,32.4,105.0,9.0
77.0,68.4,82.0,19.0
78.0,0.0,41.0,0.0
21.0,14.4,89.0,4.0
77.0,68.4,82.0,19.0
78.0,0.0,41.0,0.0
21.0,7.2,100.0,2.0
77.0,57.6,83.0,16.0
78.0,0.0,41.0,0.0
80.0,0.0,37.0,0.0
21.0,36.0,90.0,10.0
77.0,54.0,83.0,15.0
78.0,3.6,41.0,1.0
80.0,0.0,37.0,0.0
21.0,75.60000000000001,82.0,21.0
77.0,50.4,82.0,14.0
78.0,3.6,41.0,1.0
80.0,0.0,37.0,0.0
21.0,108.0,76.0,30.0
77.0,43.2,81.0,12.0
78.0,3.6,41.0,1.0
80.0,0.0,37.0,0.0
21.0,140.4,67.0,39.0
77.0,39.6,81.0,11.0
78.0,3.6,41.0,1.0
80.0,0.0,37.0,0.0
21.0,151.20000000000002,65.0,42.0
77.0,36.0,81.0,10.0
80.0,0.0,37.0,0.0
21.0,154.8,65.0,43.0
77.0,25.2,80.0,7.0
80.0,0.0,37.0,0.0
78.0,3.6,41.0,1.0
77.0,18.0,79.0,5.0
80.0,0.0,37.0,0.0
82.0,7.2,35.0,1.0
77.0,18.0,80.0,5.0
80.0,0.0,37.0,0.0
82.0,0.0,34.0,0.0
77.0,18.0,81.0,5.0
80.0,0.0,37.0,0.0
82.0,0.0,34.0,0.0
77.0,14.4,82.0,4.0
80.0,0.0,37.0,0.0
82.0,0.0,34.0,0.0
77.0,7.2,81.0,2.0
80.0,0.0,37.0,0.0
82.0,0.0,34.0,0.0
77.0,3.6,81.0,1.0
80.0,3.6,36.0,1.0
82.0,0.0,34.0,0.0
77.0,0.0,80.0,0.0
80.0,3.6,36.0,1.0
82.0,0.0,34.0,0.0
77.0,3.6,79.0,1.0
82.0,0.0,34.0,0.0
77.0,14.4,76.0,4.0
82.0,0.0,34.0,0.0
77.0,18.0,75.0,5.0
82.0,4.114285714285714,33.0,1.0
77.0,10.8,77.0,3.0
82.0,3.9272727272727277,33.0,1.0
80.0,3.6,36.0,1.0
77.0,21.6,74.0,6.0
82.0,3.756521739130435,33.0,1.0
77.0,10.8,78.0,3.0
77.0,7.2,79.0,2.0
77.0,3.6,81.0,1.0
77.0,0.0,82.0,0.0
77.0,0.0,83.0,0.0
77.0,3.6,82.0,1.0
77.0,0.0,82.0,0.0
77.0,18.0,86.0,5.0
77.0,32.4,90.0,9.0
77.0,39.6,92.0,11.0
77.0,43.2,92.0,12.0
78.0,18.0,37.0,5.0
77.0,46.800000000000004,92.0,13.0
78.0,7.2,39.0,2.0
77.0,39.6,91.0,11.0
78.0,7.2,39.0,2.0
77.0,36.0,91.0,10.0
78.0,7.2,39.0,2.0
77.0,32.4,91.0,9.0
78.0,7.2,39.0,2.0
77.0,39.6,92.0,11.0
78.0,7.2,39.0,2.0
77.0,36.0,91.0,10.0
78.0,7.2,39.0,2.0
77.0,32.4,89.0,9.0
87.0,7.2,40.0,1.0
78.0,7.2,39.0,2.0
77.0,50.4,93.0,14.0
87.0,13.292307692307693,39.0,2.0
78.0,7.2,39.0,2.0
77.0,64.8,94.0,18.0
87.0,12.342857142857142,39.0,2.0
78.0,7.2,39.0,2.0
77.0,72.0,95.0,20.0
87.0,11.520000000000001,39.0,2.0
78.0,7.2,39.0,2.0
77.0,50.4,91.0,14.0
87.0,10.8,39.0,2.0
78.0,7.2,39.0,2.0
87.0,10.16470588235294,39.0,2.0
78.0,7.2,39.0,2.0
78.0,7.2,39.0,2.0
78.0,7.2,39.0,2.0
77.0,75.60000000000001,95.0,21.0
78.0,7.2,39.0,2.0
88.0,7.2,35.0,1.0
78.0,7.2,39.0,2.0
88.0,6.6461538461538465,35.0,1.0
77.0,72.0,98.0,20.0
78.0,7.2,39.0,2.0
88.0,6.171428571428571,35.0,1.0
77.0,75.60000000000001,100.0,21.0
78.0,7.2,39.0,2.0
88.0,5.760000000000001,35.0,1.0
77.0,79.2,103.0,22.0
78.0,7.2,39.0,2.0
88.0,5.4,35.0,1.0
77.0,57.6,98.0,16.0
78.0,7.2,39.0,2.0
88.0,5.08235294117647,35.0,1.0
77.0,72.0,103.0,20.0
78.0,7.2,39.0,2.0
88.0,4.8,35.0,1.0
77.0,50.4,96.0,14.0
78.0,7.2,39.0,2.0
88.0,4.547368421052632,35.0,1.0
77.0,72.0,102.0,20.0
78.0,7.2,39.0,2.0
88.0,4.32,35.0,1.0
77.0,64.8,104.0,18.0
78.0,3.6,38.0,1.0
88.0,8.228571428571428,34.0,2.0
77.0,54.0,105.0,15.0
78.0,3.6,38.0,1.0
88.0,7.854545454545455,34.0,2.0
77.0,46.800000000000004,105.0,13.0
78.0,3.6,38.0,1.0
88.0,7.51304347826087,34.0,2.0
77.0,36.0,102.0,10.0
78.0,3.6,38.0,1.0
88.0,7.2,34.0,2.0
77.0,43.2,104.0,12.0
78.0,3.6,38.0,1.0
88.0,3.6,34.0,1.0
77.0,50.4,105.0,14.0
78.0,7.2,37.0,2.0
88.0,3.6,33.0,1.0
88.0,3.6,33.0,1.0
88.0,3.6,33.0,1.0
77.0,36.0,101.0,10.0
88.0,3.6,33.0,1.0
77.0,21.6,97.0,6.0
88.0,7.2,32.0,2.0
97.0,14.4,30.0,2.0
77.0,25.2,99.0,7.0
88.0,0.0,34.0,0.0
97.0,13.292307692307693,30.0,2.0
77.0,28.8,99.0,8.0
88.0,3.6,36.0,1.0
97.0,12.342857142857142,30.0,2.0
77.0,50.4,103.0,14.0
88.0,10.8,38.0,3.0
97.0,11.520000000000001,30.0,2.0
77.0,39.6,104.0,11.0
88.0,14.4,39.0,4.0
97.0,10.8,30.0,2.0
77.0,21.6,100.0,6.0
98.0,14.4,32.0,2.0
88.0,14.4,39.0,4.0
97.0,10.16470588235294,30.0,2.0
77.0,43.2,83.0,12.0
88.0,18.0,40.0,5.0
97.0,9.6,30.0,2.0
88.0,18.0,40.0,5.0
77.0,14.4,95.0,4.0
88.0,18.0,40.0,5.0
77.0,3.6,96.0,1.0
77.0,3.6,97.0,1.0
77.0,10.8,97.0,3.0
77.0,36.0,93.0,10.0
77.0,50.4,84.0,14.0
77.0,64.8,85.0,18.0
77.0,46.800000000000004,83.0,13.0
102.0,93.60000000000001,86.0,13.0
77.0,75.60000000000001,81.0,21.0
102.0,86.4,86.0,13.0
77.0,129.6,68.0,36.0
102.0,74.05714285714285,85.0,12.0
103.0,21.6,38.0,3.0
77.0,151.20000000000002,63.0,42.0
102.0,69.12,85.0,12.0
103.0,19.938461538461542,38.0,3.0
77.0,151.20000000000002,63.0,42.0
102.0,64.8,85.0,12.0
103.0,18.514285714285712,38.0,3.0
77.0,140.4,63.0,39.0
102.0,60.98823529411765,85.0,12.0
103.0,17.28,38.0,3.0
77.0,133.20000000000002,67.0,37.0
102.0,52.8,84.0,11.0
103.0,16.2,38.0,3.0
77.0,133.20000000000002,68.0,37.0
102.0,54.568421052631585,85.0,12.0
103.0,15.247058823529413,38.0,3.0
77.0,108.0,71.0,30.0
102.0,51.839999999999996,85.0,12.0
103.0,14.4,38.0,3.0
77.0,86.4,73.0,24.0
102.0,53.48571428571429,86.0,13.0
103.0,13.642105263157896,38.0,3.0
77.0,104.4,70.0,29.0
102.0,54.981818181818184,87.0,14.0
103.0,12.959999999999999,38.0,3.0
77.0,111.60000000000001,68.0,31.0
104.0,0.0,35.0,0.0
102.0,52.59130434782608,87.0,14.0
103.0,12.342857142857142,38.0,3.0
77.0,129.6,67.0,36.0
104.0,6.6461538461538465,36.0,1.0
102.0,50.4,87.0,14.0
103.0,11.781818181818183,38.0,3.0
77.0,133.20000000000002,67.0,37.0
104.0,6.171428571428571,36.0,1.0
107.0,7.2,36.0,1.0
102.0,25.2,80.0,7.0
103.0,15.02608695652174,39.0,4.0
104.0,5.760000000000001,36.0,1.0
107.0,6.6461538461538465,36.0,1.0
102.0,14.4,78.0,4.0
103.0,14.4,39.0,4.0
104.0,5.4,36.0,1.0
107.0,6.171428571428571,36.0,1.0
102.0,21.6,81.0,6.0
103.0,7.2,39.0,2.0
104.0,5.08235294117647,36.0,1.0
107.0,5.760000000000001,36.0,1.0
102.0,18.0,81.0,5.0
103.0,7.2,39.0,2.0
104.0,4.8,36.0,1.0
107.0,5.4,36.0,1.0
109.0,36.0,44.0,5.0
102.0,10.8,80.0,3.0
103.0,0.0,38.0,0.0
104.0,4.547368421052632,36.0,1.0
107.0,5.08235294117647,36.0,1.0
109.0,33.23076923076923,44.0,5.0
102.0,7.2,80.0,2.0
103.0,0.0,38.0,0.0
104.0,4.32,36.0,1.0
107.0,4.8,36.0,1.0
109.0,24.685714285714283,43.0,4.0
102.0,0.0,79.0,0.0
103.0,0.0,38.0,0.0
104.0,4.114285714285714,34.0,1.0
107.0,0.0,35.0,0.0
109.0,23.040000000000003,43.0,4.0
102.0,3.6,81.0,1.0
103.0,0.0,38.0,0.0
104.0,3.9272727272727277,34.0,1.0
107.0,0.0,35.0,0.0
109.0,21.6,43.0,4.0
102.0,0.0,84.0,0.0
103.0,0.0,38.0,0.0
104.0,3.756521739130435,34.0,1.0
107.0,0.0,35.0,0.0
109.0,20.32941176470588,43.0,4.0
102.0,3.6,86.0,1.0
103.0,0.0,38.0,0.0
104.0,3.6,34.0,1.0
107.0,0.0,35.0,0.0
109.0,19.2,43.0,4.0
102.0,0.0,86.0,0.0
103.0,0.0,38.0,0.0
104.0,3.6,34.0,1.0
107.0,0.0,35.0,0.0
109.0,18.18947368421053,43.0,4.0
110.0,0.0,53.0,0.0
102.0,7.2,88.0,2.0
103.0,0.0,38.0,0.0
104.0,3.6,34.0,1.0
107.0,0.0,35.0,0.0
109.0,17.28,43.0,4.0
110.0,0.0,53.0,0.0
102.0,10.8,88.0,3.0
103.0,0.0,38.0,0.0
104.0,7.2,34.0,2.0
107.0,0.0,35.0,0.0
109.0,16.457142857142856,43.0,4.0
110.0,0.0,53.0,0.0
102.0,10.8,88.0,3.0
104.0,7.2,34.0,2.0
109.0,15.70909090909091,43.0,4.0
110.0,0.0,53.0,0.0
102.0,14.4,89.0,4.0
104.0,7.2,34.0,2.0
109.0,15.02608695652174,43.0,4.0
110.0,0.0,53.0,0.0
102.0,18.0,90.0,5.0
109.0,10.8,42.0,3.0
110.0,5.08235294117647,52.0,1.0
102.0,25.2,91.0,7.0
109.0,7.2,42.0,2.0
110.0,4.8,52.0,1.0
102.0,28.8,93.0,8.0
109.0,0.0,42.0,0.0
110.0,4.547368421052632,52.0,1.0
102.0,36.0,95.0,10.0
109.0,3.6,42.0,1.0
110.0,4.32,52.0,1.0
102.0,32.4,95.0,9.0
109.0,3.6,42.0,1.0
110.0,4.114285714285714,52.0,1.0
102.0,14.4,91.0,4.0
109.0,7.2,42.0,2.0
110.0,3.9272727272727277,52.0,1.0
102.0,10.8,90.0,3.0
109.0,7.2,42.0,2.0
110.0,3.756521739130435,52.0,1.0
102.0,10.8,90.0,3.0
109.0,7.2,42.0,2.0
110.0,3.6,52.0,1.0
109.0,7.2,42.0,2.0
110.0,0.0,53.0,0.0
109.0,7.2,42.0,2.0
110.0,3.6,53.0,1.0
102.0,46.800000000000004,93.0,13.0
110.0,3.6,53.0,1.0
102.0,64.8,96.0,18.0
110.0,3.6,53.0,1.0
102.0,61.2,98.0,17.0
102.0,68.4,100.0,19.0
103.0,32.4,29.0,9.0
102.0,75.60000000000001,101.0,21.0
103.0,32.4,29.0,9.0
103.0,28.8,30.0,8.0
110.0,3.6,53.0,1.0
110.0,3.6,53.0,1.0
104.0,14.4,32.0,4.0
102.0,82.8,103.0,23.0
103.0,18.0,33.0,5.0
110.0,3.6,53.0,1.0
102.0,90.0,104.0,25.0
103.0,18.0,33.0,5.0
102.0,86.4,105.0,24.0
103.0,14.4,34.0,4.0
104.0,14.4,32.0,4.0
102.0,64.8,102.0,18.0
103.0,10.8,35.0,3.0
104.0,14.4,32.0,4.0
102.0,54.0,101.0,15.0
103.0,7.2,36.0,2.0
104.0,14.4,32.0,4.0
102.0,61.2,103.0,17.0
103.0,3.6,37.0,1.0
104.0,10.8,32.0,3.0
109.0,36.0,34.0,10.0
102.0,57.6,104.0,16.0
103.0,0.0,38.0,0.0
104.0,10.8,32.0,3.0
109.0,36.0,34.0,10.0
102.0,61.2,105.0,17.0
103.0,3.6,38.0,1.0
104.0,14.4,32.0,4.0
109.0,39.6,33.0,11.0
102.0,57.6,104.0,16.0
103.0,3.6,38.0,1.0
104.0,14.4,32.0,4.0
109.0,39.6,32.0,11.0
102.0,54.0,104.0,15.0
103.0,3.6,38.0,1.0
104.0,14.4,32.0,4.0
109.0,39.6,32.0,11.0
102.0,50.4,104.0,14.0
103.0,3.6,38.0,1.0
104.0,14.4,32.0,4.0
109.0,43.2,31.0,12.0
102.0,32.4,100.0,9.0
114.0,388.8,90.0,54.0
109.0,43.2,31.0,12.0
102.0,39.6,104.0,11.0
114.0,345.6,88.0,52.0
109.0,43.2,31.0,12.0
102.0,36.0,105.0,10.0
114.0,333.25714285714287,90.0,54.0
109.0,43.2,31.0,12.0
104.0,14.4,32.0,4.0
102.0,36.0,105.0,10.0
114.0,316.8,91.0,55.0
109.0,36.0,33.0,10.0
102.0,46.800000000000004,104.0,13.0
114.0,302.40000000000003,92.0,56.0
109.0,28.8,35.0,8.0
102.0,39.6,101.0,11.0
114.0,284.6117647058823,92.0,56.0
109.0,25.2,36.0,7.0
102.0,43.2,102.0,12.0
114.0,249.6,88.0,52.0
109.0,21.6,37.0,6.0
102.0,46.800000000000004,106.0,13.0
114.0,254.6526315789474,92.0,56.0
109.0,10.8,39.0,3.0
102.0,43.2,108.0,12.0
114.0,246.23999999999998,93.0,57.0
109.0,10.8,39.0,3.0
114.0,242.74285714285716,95.0,59.0
109.0,7.2,40.0,2.0
114.0,235.63636363636363,96.0,60.0
109.0,7.2,40.0,2.0
102.0,28.8,106.0,8.0
114.0,221.63478260869564,95.0,59.0
109.0,7.2,40.0,2.0
102.0,14.4,104.0,4.0
114.0,216.0,96.0,60.0
114.0,154.8,96.0,43.0
102.0,14.4,97.0,4.0
114.0,133.20000000000002,96.0,37.0
114.0,90.0,97.0,25.0
102.0,10.8,100.0,3.0
114.0,61.2,97.0,17.0
102.0,14.4,100.0,4.0
114.0,50.4,98.0,14.0
102.0,25.2,98.0,7.0
114.0,43.2,98.0,12.0
102.0,32.4,93.0,9.0
102.0,43.2,89.0,12.0
102.0,57.6,87.0,16.0
114.0,43.2,98.0,12.0
102.0,68.4,85.0,19.0
114.0,50.4,101.0,14.0
109.0,25.2,35.0,7.0
114.0,64.8,105.0,18.0
109.0,28.8,34.0,8.0
114.0,64.8,104.0,18.0
109.0,32.4,33.0,9.0
114.0,50.4,104.0,14.0
102.0,111.60000000000001,74.0,31.0
109.0,36.0,32.0,10.0
114.0,61.2,105.0,17.0
102.0,108.0,74.0,30.0
114.0,64.8,108.0,18.0
114.0,57.6,107.0,16.0
114.0,57.6,108.0,16.0
114.0,57.6,108.0,16.0
114.0,75.60000000000001,109.0,21.0
114.0,61.2,109.0,17.0
114.0,39.6,104.0,11.0
114.0,28.8,103.0,8.0
114.0,28.8,104.0,8.0
114.0,36.0,105.0,10.0
114.0,43.2,108.0,12.0
114.0,43.2,108.0,12.0
114.0,43.2,108.0,12.0
114.0,28.8,105.0,8.0
114.0,32.4,106.0,9.0
114.0,36.0,108.0,10.0
114.0,21.6,104.0,6.0
114.0,25.2,105.0,7.0
114.0,14.4,105.0,4.0
114.0,0.0,105.0,0.0
114.0,0.0,104.0,0.0
135.0,43.2,58.0,6.0
114.0,3.6,105.0,1.0
135.0,53.16923076923077,60.0,8.0
114.0,7.2,103.0,2.0
135.0,80.22857142857143,65.0,13.0
114.0,21.6,102.0,6.0
135.0,63.36000000000001,63.0,11.0
114.0,18.0,102.0,5.0
135.0,81.0,67.0,15.0
135.0,86.4,69.0,17.0
114.0,25.2,101.0,7.0
135.0,86.4,70.0,18.0
114.0,21.6,102.0,6.0
135.0,81.85263157894737,70.0,18.0
135.0,86.4,72.0,20.0
135.0,86.4,73.0,21.0
114.0,28.8,101.0,8.0
135.0,86.4,74.0,22.0
135.0,86.4,75.0,23.0
114.0,36.0,99.0,10.0
135.0,82.8,75.0,23.0
114.0,18.0,99.0,5.0
135.0,64.8,71.0,18.0
114.0,3.6,102.0,1.0
135.0,64.8,74.0,18.0
114.0,10.8,101.0,3.0
135.0,57.6,73.0,16.0
114.0,0.0,105.0,0.0
135.0,64.8,75.0,18.0
135.0,68.4,76.0,19.0
135.0,57.6,76.0,16.0
135.0,54.0,75.0,15.0
135.0,54.0,75.0,15.0
135.0,68.4,78.0,19.0
135.0,61.2,77.0,17.0
135.0,75.60000000000001,79.0,21.0
135.0,72.0,80.0,20.0
135.0,57.6,81.0,16.0
135.0,68.4,82.0,19.0
135.0,54.0,82.0,15.0
135.0,50.4,83.0,14.0
135.0,43.2,82.0,12.0
135.0,36.0,80.0,10.0
135.0,25.2,79.0,7.0
135.0,28.8,81.0,8.0
135.0,32.4,83.0,9.0
135.0,36.0,85.0,10.0
135.0,36.0,85.0,10.0
135.0,50.4,85.0,14.0
135.0,46.800000000000004,87.0,13.0
135.0,54.0,88.0,15.0
135.0,50.4,89.0,14.0
135.0,46.800000000000004,89.0,13.0
135.0,50.4,90.0,14.0
135.0,54.0,90.0,15.0
135.0,57.6,91.0,16.0
149.0,93.60000000000001,89.0,13.0
135.0,46.800000000000004,91.0,13.0
149.0,93.04615384615386,90.0,14.0
135.0,50.4,91.0,14.0
135.0,43.2,91.0,12.0
149.0,86.4,90.0,14.0
135.0,36.0,90.0,10.0
149.0,28.8,81.0,5.0
135.0,10.8,84.0,3.0
149.0,5.4,77.0,1.0
135.0,3.6,81.0,1.0
149.0,60.98823529411765,88.0,12.0
149.0,86.4,94.0,18.0
149.0,90.94736842105263,96.0,20.0
149.0,43.2,86.0,10.0
149.0,16.457142857142856,80.0,4.0
149.0,23.563636363636366,82.0,6.0
149.0,26.29565217391304,83.0,7.0
162.0,72.0,78.0,10.0
149.0,28.8,84.0,8.0
162.0,73.10769230769232,79.0,11.0
149.0,68.4,96.0,19.0
162.0,67.88571428571429,79.0,11.0
149.0,79.2,100.0,22.0
162.0,63.36000000000001,79.0,11.0
149.0,86.4,102.0,24.0
162.0,59.4,79.0,11.0
149.0,86.4,103.0,24.0
162.0,60.98823529411765,80.0,12.0
149.0,79.2,103.0,22.0
162.0,62.4,81.0,13.0
149.0,90.0,104.0,25.0
162.0,59.11578947368422,81.0,13.0
149.0,82.8,104.0,23.0
149.0,68.4,103.0,19.0
149.0,68.4,103.0,19.0
149.0,72.0,103.0,20.0
149.0,14.4,93.0,4.0
160.0,14.4,36.0,2.0
162.0,69.12,84.0,16.0
149.0,39.6,101.0,11.0
160.0,13.292307692307693,36.0,2.0
149.0,46.800000000000004,103.0,13.0
160.0,12.342857142857142,36.0,2.0
149.0,50.4,95.0,14.0
160.0,11.520000000000001,36.0,2.0
149.0,82.8,100.0,23.0
160.0,10.8,36.0,2.0
162.0,57.6,82.0,14.0
149.0,36.0,98.0,10.0
160.0,10.16470588235294,36.0,2.0
160.0,9.6,36.0,2.0
160.0,9.094736842105265,36.0,2.0
162.0,39.27272727272728,78.0,10.0
149.0,21.6,100.0,6.0
160.0,8.64,36.0,2.0
160.0,8.228571428571428,36.0,2.0
160.0,7.854545454545455,36.0,2.0
160.0,7.51304347826087,36.0,2.0
160.0,7.2,36.0,2.0
160.0,7.2,36.0,2.0
162.0,30.05217391304348,76.0,8.0
160.0,7.2,36.0,2.0
160.0,10.8,35.0,3.0
160.0,10.8,35.0,3.0
170.0,36.0,33.0,5.0
162.0,36.0,78.0,10.0
160.0,10.8,35.0,3.0
170.0,33.23076923076923,33.0,5.0
160.0,10.8,35.0,3.0
170.0,30.857142857142858,33.0,5.0
162.0,36.0,79.0,10.0
160.0,25.2,35.0,7.0
170.0,23.040000000000003,32.0,4.0
160.0,7.2,34.0,2.0
170.0,21.6,32.0,4.0
162.0,10.8,69.0,3.0
160.0,3.6,34.0,1.0
170.0,20.32941176470588,32.0,4.0
170.0,19.2,32.0,4.0
162.0,54.0,89.0,15.0
170.0,18.18947368421053,32.0,4.0
162.0,64.8,93.0,18.0
170.0,17.28,32.0,4.0
162.0,64.8,94.0,18.0
170.0,16.457142857142856,32.0,4.0
162.0,68.4,95.0,19.0
170.0,15.70909090909091,32.0,4.0
162.0,68.4,96.0,19.0
170.0,15.02608695652174,32.0,4.0
162.0,72.0,96.0,20.0
170.0,14.4,32.0,4.0
162.0,72.0,96.0,20.0
170.0,7.2,32.0,2.0
162.0,72.0,97.0,20.0
170.0,0.0,32.0,0.0
162.0,68.4,97.0,19.0
170.0,3.6,32.0,1.0
162.0,64.8,97.0,18.0
170.0,3.6,32.0,1.0
171.0,0.0,47.0,0.0
162.0,68.4,98.0,19.0
170.0,7.2,32.0,2.0
171.0,0.0,47.0,0.0
162.0,68.4,98.0,19.0
170.0,3.6,32.0,1.0
171.0,0.0,47.0,0.0
162.0,68.4,98.0,19.0
170.0,3.6,32.0,1.0
171.0,0.0,47.0,0.0
170.0,3.6,32.0,1.0
171.0,0.0,47.0,0.0
162.0,68.4,99.0,19.0
170.0,3.6,32.0,1.0
171.0,0.0,47.0,0.0
162.0,64.8,99.0,18.0
170.0,3.6,32.0,1.0
171.0,0.0,47.0,0.0
176.0,64.8,42.0,9.0
162.0,64.8,99.0,18.0
170.0,3.6,32.0,1.0
171.0,0.0,47.0,0.0
176.0,59.81538461538462,42.0,9.0
162.0,54.0,99.0,15.0
170.0,3.6,32.0,1.0
171.0,0.0,47.0,0.0
176.0,55.54285714285714,42.0,9.0
162.0,61.2,99.0,17.0
170.0,3.6,32.0,1.0
171.0,0.0,47.0,0.0
176.0,51.84,42.0,9.0
170.0,0.0,32.0,0.0
171.0,0.0,47.0,0.0
176.0,43.2,41.0,8.0
162.0,54.0,93.0,15.0
171.0,0.0,47.0,0.0
176.0,40.65882352941176,41.0,8.0
162.0,61.2,93.0,17.0
171.0,0.0,47.0,0.0
176.0,38.4,41.0,8.0
171.0,0.0,47.0,0.0
176.0,36.37894736842106,41.0,8.0
162.0,68.4,97.0,19.0
171.0,0.0,47.0,0.0
176.0,34.56,41.0,8.0
171.0,3.6,46.0,1.0
176.0,32.91428571428571,41.0,8.0
171.0,3.6,46.0,1.0
176.0,31.41818181818182,41.0,8.0
171.0,3.6,46.0,1.0
176.0,30.05217391304348,41.0,8.0
171.0,3.6,46.0,1.0
176.0,28.8,41.0,8.0
171.0,0.0,47.0,0.0
176.0,25.2,41.0,7.0
171.0,0.0,47.0,0.0
176.0,21.6,41.0,6.0
171.0,0.0,47.0,0.0
176.0,18.0,41.0,5.0
171.0,0.0,47.0,0.0
176.0,18.0,41.0,5.0
171.0,0.0,47.0,0.0
176.0,14.4,41.0,4.0
176.0,10.8,41.0,3.0
176.0,3.6,41.0,1.0
171.0,0.0,47.0,0.0
176.0,0.0,41.0,0.0
171.0,0.0,47.0,0.0
176.0,3.6,41.0,1.0
171.0,0.0,47.0,0.0
176.0,3.6,41.0,1.0
171.0,0.0,47.0,0.0
176.0,3.6,41.0,1.0
188.0,36.0,51.0,5.0
171.0,0.0,47.0,0.0
176.0,3.6,41.0,1.0
188.0,46.52307692307693,53.0,7.0
171.0,0.0,47.0,0.0
176.0,3.6,41.0,1.0
188.0,43.2,53.0,7.0
171.0,0.0,47.0,0.0
176.0,3.6,41.0,1.0
188.0,40.32,53.0,7.0
171.0,0.0,47.0,0.0
176.0,0.0,41.0,0.0
188.0,37.800000000000004,53.0,7.0
171.0,0.0,47.0,0.0
176.0,0.0,41.0,0.0
188.0,35.57647058823529,53.0,7.0
171.0,0.0,47.0,0.0
176.0,0.0,41.0,0.0
188.0,33.6,53.0,7.0
171.0,0.0,47.0,0.0
176.0,0.0,41.0,0.0
188.0,31.831578947368424,53.0,7.0
171.0,0.0,47.0,0.0
176.0,0.0,41.0,0.0
188.0,30.240000000000002,53.0,7.0
176.0,0.0,41.0,0.0
188.0,28.8,53.0,7.0
171.0,0.0,47.0,0.0
176.0,0.0,41.0,0.0
188.0,27.490909090909092,53.0,7.0
171.0,0.0,47.0,0.0
176.0,0.0,41.0,0.0
188.0,26.29565217391304,53.0,7.0
176.0,0.0,41.0,0.0
188.0,25.2,53.0,7.0
171.0,3.6,47.0,1.0
176.0,0.0,41.0,0.0
188.0,25.2,53.0,7.0
171.0,3.6,47.0,1.0
176.0,0.0,41.0,0.0
188.0,28.8,54.0,8.0
171.0,3.6,47.0,1.0
176.0,0.0,41.0,0.0
188.0,32.4,54.0,9.0
171.0,3.6,47.0,1.0
176.0,0.0,41.0,0.0
188.0,32.4,54.0,9.0
171.0,0.0,47.0,0.0
176.0,3.6,40.0,1.0
188.0,36.0,54.0,10.0
171.0,0.0,47.0,0.0
176.0,3.6,40.0,1.0
188.0,39.6,54.0,11.0
171.0,0.0,47.0,0.0
176.0,3.6,40.0,1.0
188.0,39.6,54.0,11.0
171.0,0.0,47.0,0.0
176.0,3.6,40.0,1.0
188.0,36.0,54.0,10.0
171.0,0.0,47.0,0.0
176.0,3.6,40.0,1.0
188.0,25.2,54.0,7.0
171.0,0.0,47.0,0.0
176.0,3.6,40.0,1.0
188.0,18.0,54.0,5.0
171.0,0.0,47.0,0.0
176.0,3.6,40.0,1.0
188.0,7.2,53.0,2.0
171.0,0.0,47.0,0.0
176.0,3.6,40.0,1.0
188.0,0.0,53.0,0.0
171.0,0.0,47.0,0.0
176.0,3.6,40.0,1.0
188.0,0.0,53.0,0.0
171.0,0.0,47.0,0.0
176.0,3.6,40.0,1.0
188.0,0.0,53.0,0.0
171.0,0.0,47.0,0.0
176.0,3.6,40.0,1.0
188.0,0.0,53.0,0.0
171.0,3.6,48.0,1.0
176.0,0.0,41.0,0.0
188.0,0.0,53.0,0.0
171.0,3.6,48.0,1.0
176.0,0.0,41.0,0.0
188.0,0.0,53.0,0.0
171.0,3.6,48.0,1.0
176.0,0.0,41.0,0.0
188.0,0.0,53.0,0.0
171.0,3.6,48.0,1.0
176.0,3.6,40.0,1.0
188.0,0.0,53.0,0.0
171.0,3.6,48.0,1.0
176.0,3.6,40.0,1.0
188.0,0.0,53.0,0.0
171.0,3.6,48.0,1.0
176.0,3.6,40.0,1.0
171.0,3.6,48.0,1.0
176.0,3.6,40.0,1.0
171.0,3.6,48.0,1.0
188.0,0.0,53.0,0.0
176.0,3.6,40.0,1.0
171.0,3.6,48.0,1.0
188.0,3.6,52.0,1.0
176.0,3.6,40.0,1.0
188.0,0.0,53.0,0.0
176.0,3.6,40.0,1.0
188.0,0.0,53.0,0.0
176.0,3.6,40.0,1.0
188.0,3.6,53.0,1.0
171.0,3.6,48.0,1.0
176.0,3.6,40.0,1.0
188.0,0.0,54.0,0.0
176.0,3.6,41.0,1.0
188.0,0.0,54.0,0.0
176.0,3.6,41.0,1.0
188.0,0.0,54.0,0.0
171.0,3.6,48.0,1.0
176.0,0.0,40.0,0.0
188.0,0.0,54.0,0.0
171.0,7.2,49.0,2.0
176.0,0.0,40.0,0.0
188.0,0.0,54.0,0.0
176.0,0.0,40.0,0.0
188.0,0.0,54.0,0.0
176.0,0.0,40.0,0.0
188.0,0.0,54.0,0.0
171.0,7.2,49.0,2.0
176.0,0.0,40.0,0.0
188.0,0.0,54.0,0.0
171.0,7.2,49.0,2.0
176.0,0.0,40.0,0.0
188.0,0.0,53.0,0.0
171.0,7.2,49.0,2.0
176.0,0.0,40.0,0.0
188.0,0.0,53.0,0.0
